{
    "$schema": "https://schema.management.azure.com/schemas/2015-01-01/deploymentTemplate.json#",
    "contentVersion": "1.0.0.0",
    "parameters": {
        "components_AzureSampleEnvironmentService02_name": {
            "defaultValue": "AzureSampleEnvironmentService02",
            "type": "String"
        }
    },
    "variables": {},
    "resources": [
        {
            "type": "microsoft.insights/components",
            "apiVersion": "2018-05-01-preview",
            "name": "[parameters('components_AzureSampleEnvironmentService02_name')]",
            "location": "southeastasia",
            "kind": "web",
            "properties": {
                "Application_Type": "web",
                "Request_Source": "IbizaWebAppExtensionCreate",
                "RetentionInDays": 90,
                "publicNetworkAccessForIngestion": "Enabled",
                "publicNetworkAccessForQuery": "Enabled"
            }
        }
    ]
}