{
    "$schema": "https://schema.management.azure.com/schemas/2015-01-01/deploymentTemplate.json#",
    "contentVersion": "1.0.0.0",
    "parameters": {
        "sites_AzureSampleEnvironmentFrontend_name": {
            "defaultValue": "AzureSampleEnvironmentFrontend",
            "type": "String"
        },
        "serverfarms_ASP_AzureSampleEnvironment_a08d_externalid": {
            "defaultValue": "/subscriptions/91ffe787-557e-4740-a290-3904e8303bac/resourceGroups/AzureSampleEnvironment/providers/Microsoft.Web/serverfarms/ASP-AzureSampleEnvironment-a08d",
            "type": "String"
        }
    },
    "variables": {},
    "resources": [
        {
            "type": "Microsoft.Web/sites",
            "apiVersion": "2018-11-01",
            "name": "[parameters('sites_AzureSampleEnvironmentFrontend_name')]",
            "location": "Southeast Asia",
            "kind": "app",
            "properties": {
                "enabled": true,
                "hostNameSslStates": [
                    {
                        "name": "azuresampleenvironmentfrontend.azurewebsites.net",
                        "sslState": "Disabled",
                        "hostType": "Standard"
                    },
                    {
                        "name": "azuresampleenvironmentfrontend.scm.azurewebsites.net",
                        "sslState": "Disabled",
                        "hostType": "Repository"
                    }
                ],
                "serverFarmId": "[parameters('serverfarms_ASP_AzureSampleEnvironment_a08d_externalid')]",
                "reserved": false,
                "isXenon": false,
                "hyperV": false,
                "siteConfig": {},
                "scmSiteAlsoStopped": false,
                "clientAffinityEnabled": true,
                "clientCertEnabled": false,
                "hostNamesDisabled": false,
                "containerSize": 0,
                "dailyMemoryTimeQuota": 0,
                "httpsOnly": false,
                "redundancyMode": "None"
            }
        },
        {
            "type": "Microsoft.Web/sites/config",
            "apiVersion": "2018-11-01",
            "name": "[concat(parameters('sites_AzureSampleEnvironmentFrontend_name'), '/web')]",
            "location": "Southeast Asia",
            "dependsOn": [
                "[resourceId('Microsoft.Web/sites', parameters('sites_AzureSampleEnvironmentFrontend_name'))]"
            ],
            "properties": {
                "numberOfWorkers": 1,
                "defaultDocuments": [
                    "Default.htm",
                    "Default.html",
                    "Default.asp",
                    "index.htm",
                    "index.html",
                    "iisstart.htm",
                    "default.aspx",
                    "index.php",
                    "hostingstart.html"
                ],
                "netFrameworkVersion": "v4.0",
                "nodeVersion": "12.13.0",
                "requestTracingEnabled": false,
                "remoteDebuggingEnabled": false,
                "httpLoggingEnabled": false,
                "logsDirectorySizeLimit": 35,
                "detailedErrorLoggingEnabled": false,
                "publishingUsername": "$AzureSampleEnvironmentFrontend",
                "azureStorageAccounts": {},
                "scmType": "None",
                "use32BitWorkerProcess": true,
                "webSocketsEnabled": false,
                "alwaysOn": false,
                "managedPipelineMode": "Integrated",
                "virtualApplications": [
                    {
                        "virtualPath": "/",
                        "physicalPath": "site\\wwwroot",
                        "preloadEnabled": false
                    }
                ],
                "loadBalancing": "LeastRequests",
                "experiments": {
                    "rampUpRules": []
                },
                "autoHealEnabled": false,
                "localMySqlEnabled": false,
                "ipSecurityRestrictions": [
                    {
                        "ipAddress": "Any",
                        "action": "Allow",
                        "priority": 1,
                        "name": "Allow all",
                        "description": "Allow all access"
                    }
                ],
                "scmIpSecurityRestrictions": [
                    {
                        "ipAddress": "Any",
                        "action": "Allow",
                        "priority": 1,
                        "name": "Allow all",
                        "description": "Allow all access"
                    }
                ],
                "scmIpSecurityRestrictionsUseMain": false,
                "http20Enabled": false,
                "minTlsVersion": "1.2",
                "ftpsState": "AllAllowed",
                "reservedInstanceCount": 0
            }
        },
        {
            "type": "Microsoft.Web/sites/deployments",
            "apiVersion": "2018-11-01",
            "name": "[concat(parameters('sites_AzureSampleEnvironmentFrontend_name'), '/551ca4faf497490cab1c9c2bc0f253be')]",
            "location": "Southeast Asia",
            "dependsOn": [
                "[resourceId('Microsoft.Web/sites', parameters('sites_AzureSampleEnvironmentFrontend_name'))]"
            ],
            "properties": {
                "status": 4,
                "author_email": "N/A",
                "author": "VS Code",
                "deployer": "ZipDeploy",
                "message": "Created via a push deployment",
                "start_time": "2020-08-08T14:19:58.112452Z",
                "end_time": "2020-08-08T14:20:00.3197686Z",
                "active": false
            }
        },
        {
            "type": "Microsoft.Web/sites/deployments",
            "apiVersion": "2018-11-01",
            "name": "[concat(parameters('sites_AzureSampleEnvironmentFrontend_name'), '/6d691fd25cb347a696f5b1ed4de81c0a')]",
            "location": "Southeast Asia",
            "dependsOn": [
                "[resourceId('Microsoft.Web/sites', parameters('sites_AzureSampleEnvironmentFrontend_name'))]"
            ],
            "properties": {
                "status": 4,
                "author_email": "N/A",
                "author": "VS Code",
                "deployer": "ZipDeploy",
                "message": "Created via a push deployment",
                "start_time": "2020-08-09T15:08:00.9622244Z",
                "end_time": "2020-08-09T15:08:02.978763Z",
                "active": true
            }
        },
        {
            "type": "Microsoft.Web/sites/deployments",
            "apiVersion": "2018-11-01",
            "name": "[concat(parameters('sites_AzureSampleEnvironmentFrontend_name'), '/9e73949d8ac24d5a81067b78638364c5')]",
            "location": "Southeast Asia",
            "dependsOn": [
                "[resourceId('Microsoft.Web/sites', parameters('sites_AzureSampleEnvironmentFrontend_name'))]"
            ],
            "properties": {
                "status": 4,
                "author_email": "N/A",
                "author": "VS Code",
                "deployer": "ZipDeploy",
                "message": "Created via a push deployment",
                "start_time": "2020-08-08T14:24:07.6495456Z",
                "end_time": "2020-08-08T14:24:09.7611011Z",
                "active": false
            }
        },
        {
            "type": "Microsoft.Web/sites/deployments",
            "apiVersion": "2018-11-01",
            "name": "[concat(parameters('sites_AzureSampleEnvironmentFrontend_name'), '/9f041fa462104d9a9c601b9494bd9fcb')]",
            "location": "Southeast Asia",
            "dependsOn": [
                "[resourceId('Microsoft.Web/sites', parameters('sites_AzureSampleEnvironmentFrontend_name'))]"
            ],
            "properties": {
                "status": 4,
                "author_email": "N/A",
                "author": "VS Code",
                "deployer": "ZipDeploy",
                "message": "Created via a push deployment",
                "start_time": "2020-08-09T15:03:31.4329352Z",
                "end_time": "2020-08-09T15:03:33.5111094Z",
                "active": false
            }
        },
        {
            "type": "Microsoft.Web/sites/deployments",
            "apiVersion": "2018-11-01",
            "name": "[concat(parameters('sites_AzureSampleEnvironmentFrontend_name'), '/bae3ea085a3f40eabd6e686d9e1966a1')]",
            "location": "Southeast Asia",
            "dependsOn": [
                "[resourceId('Microsoft.Web/sites', parameters('sites_AzureSampleEnvironmentFrontend_name'))]"
            ],
            "properties": {
                "status": 4,
                "author_email": "N/A",
                "author": "VS Code",
                "deployer": "ZipDeploy",
                "message": "Created via a push deployment",
                "start_time": "2020-08-08T13:14:31.0624938Z",
                "end_time": "2020-08-08T13:14:33.0312987Z",
                "active": false
            }
        },
        {
            "type": "Microsoft.Web/sites/deployments",
            "apiVersion": "2018-11-01",
            "name": "[concat(parameters('sites_AzureSampleEnvironmentFrontend_name'), '/c91dcff02f7e4ceaa0b9729342780f6b')]",
            "location": "Southeast Asia",
            "dependsOn": [
                "[resourceId('Microsoft.Web/sites', parameters('sites_AzureSampleEnvironmentFrontend_name'))]"
            ],
            "properties": {
                "status": 4,
                "author_email": "N/A",
                "author": "VS Code",
                "deployer": "ZipDeploy",
                "message": "Created via a push deployment",
                "start_time": "2020-08-08T17:18:51.1567183Z",
                "end_time": "2020-08-08T17:18:53.2596759Z",
                "active": false
            }
        },
        {
            "type": "Microsoft.Web/sites/deployments",
            "apiVersion": "2018-11-01",
            "name": "[concat(parameters('sites_AzureSampleEnvironmentFrontend_name'), '/cf1d6321edd2415fa75d9e650e72d781')]",
            "location": "Southeast Asia",
            "dependsOn": [
                "[resourceId('Microsoft.Web/sites', parameters('sites_AzureSampleEnvironmentFrontend_name'))]"
            ],
            "properties": {
                "status": 4,
                "author_email": "N/A",
                "author": "VS Code",
                "deployer": "ZipDeploy",
                "message": "Created via a push deployment",
                "start_time": "2020-08-09T06:18:05.3998486Z",
                "end_time": "2020-08-09T06:18:07.6030678Z",
                "active": false
            }
        },
        {
            "type": "Microsoft.Web/sites/deployments",
            "apiVersion": "2018-11-01",
            "name": "[concat(parameters('sites_AzureSampleEnvironmentFrontend_name'), '/d01f62e18d50483d928a9bce02e58a77')]",
            "location": "Southeast Asia",
            "dependsOn": [
                "[resourceId('Microsoft.Web/sites', parameters('sites_AzureSampleEnvironmentFrontend_name'))]"
            ],
            "properties": {
                "status": 4,
                "author_email": "N/A",
                "author": "VS Code",
                "deployer": "ZipDeploy",
                "message": "Created via a push deployment",
                "start_time": "2020-08-09T07:10:42.8884733Z",
                "end_time": "2020-08-09T07:10:44.9822482Z",
                "active": false
            }
        },
        {
            "type": "Microsoft.Web/sites/deployments",
            "apiVersion": "2018-11-01",
            "name": "[concat(parameters('sites_AzureSampleEnvironmentFrontend_name'), '/d3c42e41faa549e197cd6201ad25b68f')]",
            "location": "Southeast Asia",
            "dependsOn": [
                "[resourceId('Microsoft.Web/sites', parameters('sites_AzureSampleEnvironmentFrontend_name'))]"
            ],
            "properties": {
                "status": 4,
                "author_email": "N/A",
                "author": "VS Code",
                "deployer": "ZipDeploy",
                "message": "Created via a push deployment",
                "start_time": "2020-08-08T14:27:44.9702464Z",
                "end_time": "2020-08-08T14:27:46.8804293Z",
                "active": false
            }
        },
        {
            "type": "Microsoft.Web/sites/deployments",
            "apiVersion": "2018-11-01",
            "name": "[concat(parameters('sites_AzureSampleEnvironmentFrontend_name'), '/e9a6f39f851f4e07b3dfffcfc0a996b3')]",
            "location": "Southeast Asia",
            "dependsOn": [
                "[resourceId('Microsoft.Web/sites', parameters('sites_AzureSampleEnvironmentFrontend_name'))]"
            ],
            "properties": {
                "status": 4,
                "author_email": "N/A",
                "author": "VS Code",
                "deployer": "ZipDeploy",
                "message": "Created via a push deployment",
                "start_time": "2020-08-08T14:16:51.6877873Z",
                "end_time": "2020-08-08T14:16:53.6882263Z",
                "active": false
            }
        },
        {
            "type": "Microsoft.Web/sites/hostNameBindings",
            "apiVersion": "2018-11-01",
            "name": "[concat(parameters('sites_AzureSampleEnvironmentFrontend_name'), '/', parameters('sites_AzureSampleEnvironmentFrontend_name'), '.azurewebsites.net')]",
            "location": "Southeast Asia",
            "dependsOn": [
                "[resourceId('Microsoft.Web/sites', parameters('sites_AzureSampleEnvironmentFrontend_name'))]"
            ],
            "properties": {
                "siteName": "AzureSampleEnvironmentFrontend",
                "hostNameType": "Verified"
            }
        }
    ]
}