{
    "$schema": "https://schema.management.azure.com/schemas/2015-01-01/deploymentTemplate.json#",
    "contentVersion": "1.0.0.0",
    "parameters": {
        "frontdoors_azuresampleenvironmentbackend_name": {
            "defaultValue": "azuresampleenvironmentbackend",
            "type": "String"
        },
        "FrontDoorWebApplicationFirewallPolicies_azuresampleenvironmentfirewall_externalid": {
            "defaultValue": "/subscriptions/91ffe787-557e-4740-a290-3904e8303bac/resourceGroups/AzureSampleEnvironment/providers/Microsoft.Network/FrontDoorWebApplicationFirewallPolicies/azuresampleenvironmentfirewall",
            "type": "String"
        }
    },
    "variables": {},
    "resources": [
        {
            "type": "Microsoft.Network/frontdoors",
            "apiVersion": "2020-05-01",
            "name": "[parameters('frontdoors_azuresampleenvironmentbackend_name')]",
            "location": "Global",
            "properties": {
                "resourceState": "Enabled",
                "backendPools": [
                    {
                        "id": "[concat(resourceId('Microsoft.Network/frontdoors', parameters('frontdoors_azuresampleenvironmentbackend_name')), concat('/BackendPools/', parameters('frontdoors_azuresampleenvironmentbackend_name')))]",
                        "name": "[parameters('frontdoors_azuresampleenvironmentbackend_name')]",
                        "properties": {
                            "backends": [
                                {
                                    "address": "azuresampleenvironmentservice01.azurewebsites.net",
                                    "httpPort": 80,
                                    "httpsPort": 443,
                                    "priority": 1,
                                    "weight": 50,
                                    "backendHostHeader": "azuresampleenvironmentservice01.azurewebsites.net",
                                    "enabledState": "Enabled"
                                }
                            ],
                            "healthProbeSettings": {
                                "id": "[concat(resourceId('Microsoft.Network/frontdoors', parameters('frontdoors_azuresampleenvironmentbackend_name')), '/healthProbeSettings/healthProbeSettings-1596953309192')]"
                            },
                            "loadBalancingSettings": {
                                "id": "[concat(resourceId('Microsoft.Network/frontdoors', parameters('frontdoors_azuresampleenvironmentbackend_name')), '/loadBalancingSettings/loadBalancingSettings-1596953309192')]"
                            },
                            "resourceState": "Enabled"
                        }
                    }
                ],
                "healthProbeSettings": [
                    {
                        "id": "[concat(resourceId('Microsoft.Network/frontdoors', parameters('frontdoors_azuresampleenvironmentbackend_name')), '/HealthProbeSettings/healthProbeSettings-1596953309192')]",
                        "name": "healthProbeSettings-1596953309192",
                        "properties": {
                            "intervalInSeconds": 30,
                            "path": "/",
                            "protocol": "Https",
                            "resourceState": "Enabled",
                            "enabledState": "Enabled",
                            "healthProbeMethod": "Head"
                        }
                    }
                ],
                "frontendEndpoints": [
                    {
                        "id": "[concat(resourceId('Microsoft.Network/frontdoors', parameters('frontdoors_azuresampleenvironmentbackend_name')), concat('/FrontendEndpoints/', parameters('frontdoors_azuresampleenvironmentbackend_name'), '-azurefd-net'))]",
                        "name": "[concat(parameters('frontdoors_azuresampleenvironmentbackend_name'), '-azurefd-net')]",
                        "properties": {
                            "hostName": "[concat(parameters('frontdoors_azuresampleenvironmentbackend_name'), '.azurefd.net')]",
                            "sessionAffinityEnabledState": "Disabled",
                            "sessionAffinityTtlSeconds": 0,
                            "webApplicationFirewallPolicyLink": {
                                "id": "[parameters('FrontDoorWebApplicationFirewallPolicies_azuresampleenvironmentfirewall_externalid')]"
                            },
                            "resourceState": "Enabled"
                        }
                    }
                ],
                "loadBalancingSettings": [
                    {
                        "id": "[concat(resourceId('Microsoft.Network/frontdoors', parameters('frontdoors_azuresampleenvironmentbackend_name')), '/LoadBalancingSettings/loadBalancingSettings-1596953309192')]",
                        "name": "loadBalancingSettings-1596953309192",
                        "properties": {
                            "additionalLatencyMilliseconds": 0,
                            "sampleSize": 4,
                            "successfulSamplesRequired": 2,
                            "resourceState": "Enabled"
                        }
                    }
                ],
                "routingRules": [
                    {
                        "id": "[concat(resourceId('Microsoft.Network/frontdoors', parameters('frontdoors_azuresampleenvironmentbackend_name')), '/RoutingRules/azuresampleenvironmentpath')]",
                        "name": "azuresampleenvironmentpath",
                        "properties": {
                            "frontendEndpoints": [
                                {
                                    "id": "[concat(resourceId('Microsoft.Network/frontdoors', parameters('frontdoors_azuresampleenvironmentbackend_name')), concat('/frontendEndpoints/', parameters('frontdoors_azuresampleenvironmentbackend_name'), '-azurefd-net'))]"
                                }
                            ],
                            "acceptedProtocols": [
                                "Http",
                                "Https"
                            ],
                            "patternsToMatch": [
                                "/*",
                                "/sample1",
                                "/sample2",
                                "/function",
                                "/cache"
                            ],
                            "enabledState": "Enabled",
                            "resourceState": "Enabled",
                            "routeConfiguration": {
                                "@odata.type": "#Microsoft.Azure.FrontDoor.Models.FrontdoorForwardingConfiguration",
                                "forwardingProtocol": "HttpsOnly",
                                "backendPool": {
                                    "id": "[concat(resourceId('Microsoft.Network/frontdoors', parameters('frontdoors_azuresampleenvironmentbackend_name')), concat('/backendPools/', parameters('frontdoors_azuresampleenvironmentbackend_name')))]"
                                }
                            }
                        }
                    }
                ],
                "backendPoolsSettings": {
                    "enforceCertificateNameCheck": "Enabled",
                    "sendRecvTimeoutSeconds": 30
                },
                "enabledState": "Enabled",
                "friendlyName": "[parameters('frontdoors_azuresampleenvironmentbackend_name')]"
            }
        }
    ]
}