{
    "$schema": "https://schema.management.azure.com/schemas/2015-01-01/deploymentTemplate.json#",
    "contentVersion": "1.0.0.0",
    "parameters": {
        "sites_AzureSampleEnvironmentService02_name": {
            "defaultValue": "AzureSampleEnvironmentService02",
            "type": "String"
        },
        "serverfarms_ASP_AzureSampleEnvironment_a08d_externalid": {
            "defaultValue": "/subscriptions/91ffe787-557e-4740-a290-3904e8303bac/resourceGroups/AzureSampleEnvironment/providers/Microsoft.Web/serverfarms/ASP-AzureSampleEnvironment-a08d",
            "type": "String"
        }
    },
    "variables": {},
    "resources": [
        {
            "type": "Microsoft.Web/sites",
            "apiVersion": "2018-11-01",
            "name": "[parameters('sites_AzureSampleEnvironmentService02_name')]",
            "location": "Southeast Asia",
            "kind": "app",
            "properties": {
                "enabled": true,
                "hostNameSslStates": [
                    {
                        "name": "azuresampleenvironmentservice02.azurewebsites.net",
                        "sslState": "Disabled",
                        "hostType": "Standard"
                    },
                    {
                        "name": "azuresampleenvironmentservice02.scm.azurewebsites.net",
                        "sslState": "Disabled",
                        "hostType": "Repository"
                    }
                ],
                "serverFarmId": "[parameters('serverfarms_ASP_AzureSampleEnvironment_a08d_externalid')]",
                "reserved": false,
                "isXenon": false,
                "hyperV": false,
                "siteConfig": {},
                "scmSiteAlsoStopped": false,
                "clientAffinityEnabled": true,
                "clientCertEnabled": false,
                "hostNamesDisabled": false,
                "containerSize": 0,
                "dailyMemoryTimeQuota": 0,
                "httpsOnly": false,
                "redundancyMode": "None"
            }
        },
        {
            "type": "Microsoft.Web/sites/config",
            "apiVersion": "2018-11-01",
            "name": "[concat(parameters('sites_AzureSampleEnvironmentService02_name'), '/web')]",
            "location": "Southeast Asia",
            "dependsOn": [
                "[resourceId('Microsoft.Web/sites', parameters('sites_AzureSampleEnvironmentService02_name'))]"
            ],
            "properties": {
                "numberOfWorkers": 1,
                "defaultDocuments": [
                    "Default.htm",
                    "Default.html",
                    "Default.asp",
                    "index.htm",
                    "index.html",
                    "iisstart.htm",
                    "default.aspx",
                    "index.php",
                    "hostingstart.html"
                ],
                "netFrameworkVersion": "v4.0",
                "nodeVersion": "12.13.0",
                "requestTracingEnabled": false,
                "remoteDebuggingEnabled": false,
                "httpLoggingEnabled": false,
                "logsDirectorySizeLimit": 35,
                "detailedErrorLoggingEnabled": false,
                "publishingUsername": "$AzureSampleEnvironmentService02",
                "azureStorageAccounts": {},
                "scmType": "None",
                "use32BitWorkerProcess": true,
                "webSocketsEnabled": false,
                "alwaysOn": false,
                "managedPipelineMode": "Integrated",
                "virtualApplications": [
                    {
                        "virtualPath": "/",
                        "physicalPath": "site\\wwwroot",
                        "preloadEnabled": false
                    }
                ],
                "loadBalancing": "LeastRequests",
                "experiments": {
                    "rampUpRules": []
                },
                "autoHealEnabled": false,
                "localMySqlEnabled": false,
                "ipSecurityRestrictions": [
                    {
                        "ipAddress": "Any",
                        "action": "Allow",
                        "priority": 1,
                        "name": "Allow all",
                        "description": "Allow all access"
                    }
                ],
                "scmIpSecurityRestrictions": [
                    {
                        "ipAddress": "Any",
                        "action": "Allow",
                        "priority": 1,
                        "name": "Allow all",
                        "description": "Allow all access"
                    }
                ],
                "scmIpSecurityRestrictionsUseMain": false,
                "http20Enabled": false,
                "minTlsVersion": "1.2",
                "ftpsState": "AllAllowed",
                "reservedInstanceCount": 0
            }
        },
        {
            "type": "Microsoft.Web/sites/deployments",
            "apiVersion": "2018-11-01",
            "name": "[concat(parameters('sites_AzureSampleEnvironmentService02_name'), '/09bfa24385aa46b4b86b013328e6fb4f')]",
            "location": "Southeast Asia",
            "dependsOn": [
                "[resourceId('Microsoft.Web/sites', parameters('sites_AzureSampleEnvironmentService02_name'))]"
            ],
            "properties": {
                "status": 4,
                "author_email": "N/A",
                "author": "VS Code",
                "deployer": "ZipDeploy",
                "message": "Created via a push deployment",
                "start_time": "2020-08-07T11:05:56.7591694Z",
                "end_time": "2020-08-07T11:06:00.4158218Z",
                "active": false
            }
        },
        {
            "type": "Microsoft.Web/sites/deployments",
            "apiVersion": "2018-11-01",
            "name": "[concat(parameters('sites_AzureSampleEnvironmentService02_name'), '/3f9cd89397cf4aea9e926a5cd314b02f')]",
            "location": "Southeast Asia",
            "dependsOn": [
                "[resourceId('Microsoft.Web/sites', parameters('sites_AzureSampleEnvironmentService02_name'))]"
            ],
            "properties": {
                "status": 4,
                "author_email": "N/A",
                "author": "VS Code",
                "deployer": "ZipDeploy",
                "message": "Created via a push deployment",
                "start_time": "2020-08-07T11:03:38.5968949Z",
                "end_time": "2020-08-07T11:03:40.9562502Z",
                "active": false
            }
        },
        {
            "type": "Microsoft.Web/sites/deployments",
            "apiVersion": "2018-11-01",
            "name": "[concat(parameters('sites_AzureSampleEnvironmentService02_name'), '/526dd70af8e7459cbdeade85c9a64018')]",
            "location": "Southeast Asia",
            "dependsOn": [
                "[resourceId('Microsoft.Web/sites', parameters('sites_AzureSampleEnvironmentService02_name'))]"
            ],
            "properties": {
                "status": 4,
                "author_email": "N/A",
                "author": "VS Code",
                "deployer": "ZipDeploy",
                "message": "Created via a push deployment",
                "start_time": "2020-08-07T06:54:40.3791203Z",
                "end_time": "2020-08-07T06:54:42.6134758Z",
                "active": false
            }
        },
        {
            "type": "Microsoft.Web/sites/deployments",
            "apiVersion": "2018-11-01",
            "name": "[concat(parameters('sites_AzureSampleEnvironmentService02_name'), '/9274cc9dc56349ad8ed62433ac53ffab')]",
            "location": "Southeast Asia",
            "dependsOn": [
                "[resourceId('Microsoft.Web/sites', parameters('sites_AzureSampleEnvironmentService02_name'))]"
            ],
            "properties": {
                "status": 4,
                "author_email": "N/A",
                "author": "VS Code",
                "deployer": "ZipDeploy",
                "message": "Created via a push deployment",
                "start_time": "2020-08-07T06:38:55.0554433Z",
                "end_time": "2020-08-07T06:38:58.4787374Z",
                "active": false
            }
        },
        {
            "type": "Microsoft.Web/sites/deployments",
            "apiVersion": "2018-11-01",
            "name": "[concat(parameters('sites_AzureSampleEnvironmentService02_name'), '/a5d41413cfa0469fab4b43b00d7a5dba')]",
            "location": "Southeast Asia",
            "dependsOn": [
                "[resourceId('Microsoft.Web/sites', parameters('sites_AzureSampleEnvironmentService02_name'))]"
            ],
            "properties": {
                "status": 4,
                "author_email": "N/A",
                "author": "VS Code",
                "deployer": "ZipDeploy",
                "message": "Created via a push deployment",
                "start_time": "2020-08-07T06:43:15.3140311Z",
                "end_time": "2020-08-07T06:43:17.643301Z",
                "active": false
            }
        },
        {
            "type": "Microsoft.Web/sites/deployments",
            "apiVersion": "2018-11-01",
            "name": "[concat(parameters('sites_AzureSampleEnvironmentService02_name'), '/ac3095f0a9ad42cb90f0a8c73d15a1fb')]",
            "location": "Southeast Asia",
            "dependsOn": [
                "[resourceId('Microsoft.Web/sites', parameters('sites_AzureSampleEnvironmentService02_name'))]"
            ],
            "properties": {
                "status": 4,
                "author_email": "N/A",
                "author": "VS Code",
                "deployer": "ZipDeploy",
                "message": "Created via a push deployment",
                "start_time": "2020-08-09T15:09:27.7646966Z",
                "end_time": "2020-08-09T15:09:30.7234129Z",
                "active": true
            }
        },
        {
            "type": "Microsoft.Web/sites/deployments",
            "apiVersion": "2018-11-01",
            "name": "[concat(parameters('sites_AzureSampleEnvironmentService02_name'), '/b02b22b7fb804e41b35d74916d463e4b')]",
            "location": "Southeast Asia",
            "dependsOn": [
                "[resourceId('Microsoft.Web/sites', parameters('sites_AzureSampleEnvironmentService02_name'))]"
            ],
            "properties": {
                "status": 4,
                "author_email": "N/A",
                "author": "VS Code",
                "deployer": "ZipDeploy",
                "message": "Created via a push deployment",
                "start_time": "2020-08-07T11:24:07.7501158Z",
                "end_time": "2020-08-07T11:24:10.6754111Z",
                "active": false
            }
        },
        {
            "type": "Microsoft.Web/sites/hostNameBindings",
            "apiVersion": "2018-11-01",
            "name": "[concat(parameters('sites_AzureSampleEnvironmentService02_name'), '/', parameters('sites_AzureSampleEnvironmentService02_name'), '.azurewebsites.net')]",
            "location": "Southeast Asia",
            "dependsOn": [
                "[resourceId('Microsoft.Web/sites', parameters('sites_AzureSampleEnvironmentService02_name'))]"
            ],
            "properties": {
                "siteName": "AzureSampleEnvironmentService02",
                "hostNameType": "Verified"
            }
        }
    ]
}